[{"__type__":"cc.SceneAsset","_name":"game","scene":{"__id__":1}},{"__type__":"cc.Scene","_anchorPoint":{"__type__":"cc.Vec2"},"_children":[{"__id__":2}]},{"__type__":"cc.Node","_name":"Canvas","_parent":{"__id__":1},"_contentSize":{"__type__":"cc.Size","width":960,"height":640},"_children":[{"__id__":3},{"__id__":4},{"__id__":5},{"__id__":6}],"_position":{"__type__":"cc.Vec2","x":480,"y":320},"_id":"443ff4ksaRBUIGigM0UGvOe","_components":[{"__type__":"cc.Canvas","_objFlags":3670016,"node":{"__id__":2}},{"__type__":"18a57LKoatOZb0vAsFVqBY1","node":{"__id__":2},"starPrefab":{"__uuid__":"dcd08f89-1706-4e2e-8eb5-8533c09793e5"},"maxStarDuration":3,"minStarDuration":5,"ground":{"__id__":4},"player":{"__id__":5},"scoreDisplay":{"__id__":7},"scoreAudio":{"__uuid__":"6a089ba6-a07f-4689-85c9-4225951c4b33"}}]},{"__type__":"cc.Node","_name":"background","_parent":{"__id__":2},"_contentSize":{"__type__":"cc.Size","width":1360,"height":760},"_components":[{"__type__":"cc.Sprite","node":{"__id__":3},"_spriteFrame":{"__uuid__":"8ce49a2c-332a-4b05-a0b1-191ba200fbd3"},"_sizeMode":0}]},{"__type__":"cc.Node","_name":"ground","_parent":{"__id__":2},"_contentSize":{"__type__":"cc.Size","width":1350,"height":250},"_position":{"__type__":"cc.Vec2","y":-250},"_components":[{"__type__":"cc.Sprite","node":{"__id__":4},"_spriteFrame":{"__uuid__":"5ba6257f-4f7d-4421-bd7e-617a1f409355"},"_sizeMode":0}]},{"__type__":"cc.Node","_name":"Player","_parent":{"__id__":2},"_anchorPoint":{"__type__":"cc.Vec2","x":0.5},"_contentSize":{"__type__":"cc.Size","width":78,"height":67},"_position":{"__type__":"cc.Vec2","x":18.3,"y":-122.7},"_components":[{"__type__":"cc.Sprite","node":{"__id__":5},"_spriteFrame":{"__uuid__":"ed01c12f-6c54-48c8-a16f-b943b505db13"}},{"__type__":"465c4dbnDRFgrs6mx78XdnT","node":{"__id__":5},"jumpHeight":200,"jumpDuration":0.3,"maxMoveSpeed":400,"accel":1000,"jumpAudio":{"__uuid__":"5e1a086d-a0a3-4342-a575-575f1b890b3d"}}]},{"__type__":"cc.Node","_name":"score","_parent":{"__id__":2},"_contentSize":{"__type__":"cc.Size","width":300,"height":80},"_position":{"__type__":"cc.Vec2","y":180},"_components":[{"__id__":7}]},{"__type__":"cc.Label","node":{"__id__":6},"_useOriginalSize":false,"_fontSize":50,"_N$file":{"__uuid__":"d94959f5-f4e4-4f3f-846b-c73ea3258ee5"},"_isSystemFontUsed":false,"_N$string":"Score: 0","_N$horizontalAlign":1,"_N$verticalAlign":1,"_N$overflow":1}]